{"cameraMode":{"drawMode":0,"name":"Shaded","section":"Shading Mode"},"sceneLighting":true,"audioPlay":false,"sceneViewState":{"m_AlwaysRefresh":false,"showFog":true,"showSkybox":true,"showFlares":true,"showImageEffects":true,"showParticleSystems":true,"showVisualEffectGraphs":true,"m_FxEnabled":true},"in2DMode":false,"pivot":{"x":-28.402973175048829,"y":13.634124755859375,"z":-11.02383804321289},"rotation":{"x":-0.01932540163397789,"y":0.8949833512306213,"z":0.03895660489797592,"w":0.4439758062362671},"size":31.79071617126465,"orthographic":true}